.\pic\0\1.jpg;0
.\pic\0\10.jpg;0
.\pic\0\11.jpg;0
.\pic\0\12.jpg;0
.\pic\0\13.jpg;0
.\pic\0\14.jpg;0
.\pic\0\15.jpg;0
.\pic\0\16.jpg;0
.\pic\0\17.jpg;0
.\pic\0\18.jpg;0
.\pic\0\19.jpg;0
.\pic\0\2.jpg;0
.\pic\0\20.jpg;0
.\pic\0\21.jpg;0
.\pic\0\22.jpg;0
.\pic\0\23.jpg;0
.\pic\0\24.jpg;0
.\pic\0\25.jpg;0
.\pic\0\26.jpg;0
.\pic\0\27.jpg;0
.\pic\0\28.jpg;0
.\pic\0\29.jpg;0
.\pic\0\3.jpg;0
.\pic\0\30.jpg;0
.\pic\0\4.jpg;0
.\pic\0\5.jpg;0
.\pic\0\6.jpg;0
.\pic\0\7.jpg;0
.\pic\0\8.jpg;0
.\pic\0\9.jpg;0
.\pic\02\1.jpg;1
.\pic\02\10.jpg;1
.\pic\02\11.jpg;1
.\pic\02\12.jpg;1
.\pic\02\13.jpg;1
.\pic\02\14.jpg;1
.\pic\02\15.jpg;1
.\pic\02\16.jpg;1
.\pic\02\17.jpg;1
.\pic\02\18.jpg;1
.\pic\02\19.jpg;1
.\pic\02\2.jpg;1
.\pic\02\20.jpg;1
.\pic\02\21.jpg;1
.\pic\02\22.jpg;1
.\pic\02\23.jpg;1
.\pic\02\24.jpg;1
.\pic\02\25.jpg;1
.\pic\02\26.jpg;1
.\pic\02\27.jpg;1
.\pic\02\28.jpg;1
.\pic\02\29.jpg;1
.\pic\02\3.jpg;1
.\pic\02\30.jpg;1
.\pic\02\4.jpg;1
.\pic\02\5.jpg;1
.\pic\02\6.jpg;1
.\pic\02\7.jpg;1
.\pic\02\8.jpg;1
.\pic\02\9.jpg;1
.\pic\022\1.jpg;2
.\pic\022\10.jpg;2
.\pic\022\11.jpg;2
.\pic\022\12.jpg;2
.\pic\022\13.jpg;2
.\pic\022\14.jpg;2
.\pic\022\15.jpg;2
.\pic\022\16.jpg;2
.\pic\022\17.jpg;2
.\pic\022\18.jpg;2
.\pic\022\19.jpg;2
.\pic\022\2.jpg;2
.\pic\022\20.jpg;2
.\pic\022\21.jpg;2
.\pic\022\22.jpg;2
.\pic\022\23.jpg;2
.\pic\022\24.jpg;2
.\pic\022\25.jpg;2
.\pic\022\26.jpg;2
.\pic\022\27.jpg;2
.\pic\022\28.jpg;2
.\pic\022\29.jpg;2
.\pic\022\3.jpg;2
.\pic\022\30.jpg;2
.\pic\022\4.jpg;2
.\pic\022\5.jpg;2
.\pic\022\6.jpg;2
.\pic\022\7.jpg;2
.\pic\022\8.jpg;2
.\pic\022\9.jpg;2
.\pic\03\1.jpg;3
.\pic\03\10.jpg;3
.\pic\03\11.jpg;3
.\pic\03\12.jpg;3
.\pic\03\13.jpg;3
.\pic\03\14.jpg;3
.\pic\03\15.jpg;3
.\pic\03\16.jpg;3
.\pic\03\17.jpg;3
.\pic\03\18.jpg;3
.\pic\03\19.jpg;3
.\pic\03\2.jpg;3
.\pic\03\20.jpg;3
.\pic\03\21.jpg;3
.\pic\03\22.jpg;3
.\pic\03\23.jpg;3
.\pic\03\24.jpg;3
.\pic\03\25.jpg;3
.\pic\03\26.jpg;3
.\pic\03\27.jpg;3
.\pic\03\28.jpg;3
.\pic\03\29.jpg;3
.\pic\03\3.jpg;3
.\pic\03\30.jpg;3
.\pic\03\4.jpg;3
.\pic\03\5.jpg;3
.\pic\03\6.jpg;3
.\pic\03\7.jpg;3
.\pic\03\8.jpg;3
.\pic\03\9.jpg;3
.\pic\111\1.jpg;4
.\pic\111\10.jpg;4
.\pic\111\11.jpg;4
.\pic\111\12.jpg;4
.\pic\111\13.jpg;4
.\pic\111\14.jpg;4
.\pic\111\15.jpg;4
.\pic\111\16.jpg;4
.\pic\111\17.jpg;4
.\pic\111\18.jpg;4
.\pic\111\19.jpg;4
.\pic\111\2.jpg;4
.\pic\111\20.jpg;4
.\pic\111\21.jpg;4
.\pic\111\22.jpg;4
.\pic\111\23.jpg;4
.\pic\111\24.jpg;4
.\pic\111\25.jpg;4
.\pic\111\26.jpg;4
.\pic\111\27.jpg;4
.\pic\111\28.jpg;4
.\pic\111\29.jpg;4
.\pic\111\3.jpg;4
.\pic\111\30.jpg;4
.\pic\111\4.jpg;4
.\pic\111\5.jpg;4
.\pic\111\6.jpg;4
.\pic\111\7.jpg;4
.\pic\111\8.jpg;4
.\pic\111\9.jpg;4
.\pic\1121212\20.jpg;5
.\pic\1121212\21.jpg;5
.\pic\1121212\22.jpg;5
.\pic\1121212\23.jpg;5
.\pic\1121212\24.jpg;5
.\pic\1121212\25.jpg;5
.\pic\1121212\26.jpg;5
.\pic\1121212\27.jpg;5
.\pic\1121212\28.jpg;5
.\pic\1121212\29.jpg;5
.\pic\1121212\30.jpg;5
.\pic\123\1.jpg;6
.\pic\123\10.jpg;6
.\pic\123\11.jpg;6
.\pic\123\12.jpg;6
.\pic\123\13.jpg;6
.\pic\123\14.jpg;6
.\pic\123\15.jpg;6
.\pic\123\16.jpg;6
.\pic\123\17.jpg;6
.\pic\123\18.jpg;6
.\pic\123\19.jpg;6
.\pic\123\2.jpg;6
.\pic\123\20.jpg;6
.\pic\123\21.jpg;6
.\pic\123\22.jpg;6
.\pic\123\23.jpg;6
.\pic\123\24.jpg;6
.\pic\123\25.jpg;6
.\pic\123\26.jpg;6
.\pic\123\27.jpg;6
.\pic\123\28.jpg;6
.\pic\123\29.jpg;6
.\pic\123\3.jpg;6
.\pic\123\30.jpg;6
.\pic\123\4.jpg;6
.\pic\123\5.jpg;6
.\pic\123\6.jpg;6
.\pic\123\7.jpg;6
.\pic\123\8.jpg;6
.\pic\123\9.jpg;6
.\pic\156\1.jpg;7
.\pic\156\10.jpg;7
.\pic\156\11.jpg;7
.\pic\156\12.jpg;7
.\pic\156\13.jpg;7
.\pic\156\14.jpg;7
.\pic\156\15.jpg;7
.\pic\156\16.jpg;7
.\pic\156\17.jpg;7
.\pic\156\18.jpg;7
.\pic\156\19.jpg;7
.\pic\156\2.jpg;7
.\pic\156\20.jpg;7
.\pic\156\21.jpg;7
.\pic\156\22.jpg;7
.\pic\156\23.jpg;7
.\pic\156\24.jpg;7
.\pic\156\25.jpg;7
.\pic\156\26.jpg;7
.\pic\156\27.jpg;7
.\pic\156\28.jpg;7
.\pic\156\29.jpg;7
.\pic\156\3.jpg;7
.\pic\156\30.jpg;7
.\pic\156\4.jpg;7
.\pic\156\5.jpg;7
.\pic\156\6.jpg;7
.\pic\156\7.jpg;7
.\pic\156\8.jpg;7
.\pic\156\9.jpg;7
.\pic\222\1.jpg;8
.\pic\222\10.jpg;8
.\pic\222\11.jpg;8
.\pic\222\12.jpg;8
.\pic\222\13.jpg;8
.\pic\222\14.jpg;8
.\pic\222\15.jpg;8
.\pic\222\16.jpg;8
.\pic\222\17.jpg;8
.\pic\222\18.jpg;8
.\pic\222\19.jpg;8
.\pic\222\2.jpg;8
.\pic\222\20.jpg;8
.\pic\222\21.jpg;8
.\pic\222\22.jpg;8
.\pic\222\23.jpg;8
.\pic\222\24.jpg;8
.\pic\222\25.jpg;8
.\pic\222\26.jpg;8
.\pic\222\27.jpg;8
.\pic\222\28.jpg;8
.\pic\222\29.jpg;8
.\pic\222\3.jpg;8
.\pic\222\30.jpg;8
.\pic\222\4.jpg;8
.\pic\222\5.jpg;8
.\pic\222\6.jpg;8
.\pic\222\7.jpg;8
.\pic\222\8.jpg;8
.\pic\222\9.jpg;8
.\pic\2651\1.jpg;9
.\pic\2651\10.jpg;9
.\pic\2651\11.jpg;9
.\pic\2651\12.jpg;9
.\pic\2651\13.jpg;9
.\pic\2651\14.jpg;9
.\pic\2651\15.jpg;9
.\pic\2651\16.jpg;9
.\pic\2651\17.jpg;9
.\pic\2651\18.jpg;9
.\pic\2651\19.jpg;9
.\pic\2651\2.jpg;9
.\pic\2651\20.jpg;9
.\pic\2651\21.jpg;9
.\pic\2651\22.jpg;9
.\pic\2651\23.jpg;9
.\pic\2651\24.jpg;9
.\pic\2651\25.jpg;9
.\pic\2651\26.jpg;9
.\pic\2651\27.jpg;9
.\pic\2651\28.jpg;9
.\pic\2651\29.jpg;9
.\pic\2651\3.jpg;9
.\pic\2651\30.jpg;9
.\pic\2651\4.jpg;9
.\pic\2651\5.jpg;9
.\pic\2651\6.jpg;9
.\pic\2651\7.jpg;9
.\pic\2651\8.jpg;9
.\pic\2651\9.jpg;9
.\pic\3\1.jpg;10
.\pic\3\10.jpg;10
.\pic\3\11.jpg;10
.\pic\3\12.jpg;10
.\pic\3\13.jpg;10
.\pic\3\14.jpg;10
.\pic\3\15.jpg;10
.\pic\3\16.jpg;10
.\pic\3\17.jpg;10
.\pic\3\18.jpg;10
.\pic\3\19.jpg;10
.\pic\3\2.jpg;10
.\pic\3\20.jpg;10
.\pic\3\21.jpg;10
.\pic\3\22.jpg;10
.\pic\3\23.jpg;10
.\pic\3\24.jpg;10
.\pic\3\25.jpg;10
.\pic\3\26.jpg;10
.\pic\3\27.jpg;10
.\pic\3\28.jpg;10
.\pic\3\29.jpg;10
.\pic\3\3.jpg;10
.\pic\3\30.jpg;10
.\pic\3\4.jpg;10
.\pic\3\5.jpg;10
.\pic\3\6.jpg;10
.\pic\3\7.jpg;10
.\pic\3\8.jpg;10
.\pic\3\9.jpg;10
.\pic\333\1.jpg;11
.\pic\333\10.jpg;11
.\pic\333\11.jpg;11
.\pic\333\12.jpg;11
.\pic\333\13.jpg;11
.\pic\333\14.jpg;11
.\pic\333\15.jpg;11
.\pic\333\16.jpg;11
.\pic\333\17.jpg;11
.\pic\333\18.jpg;11
.\pic\333\19.jpg;11
.\pic\333\2.jpg;11
.\pic\333\20.jpg;11
.\pic\333\21.jpg;11
.\pic\333\22.jpg;11
.\pic\333\23.jpg;11
.\pic\333\24.jpg;11
.\pic\333\25.jpg;11
.\pic\333\26.jpg;11
.\pic\333\27.jpg;11
.\pic\333\28.jpg;11
.\pic\333\29.jpg;11
.\pic\333\3.jpg;11
.\pic\333\30.jpg;11
.\pic\333\4.jpg;11
.\pic\333\5.jpg;11
.\pic\333\6.jpg;11
.\pic\333\7.jpg;11
.\pic\333\8.jpg;11
.\pic\333\9.jpg;11
.\pic\444\1.jpg;12
.\pic\444\10.jpg;12
.\pic\444\11.jpg;12
.\pic\444\12.jpg;12
.\pic\444\13.jpg;12
.\pic\444\14.jpg;12
.\pic\444\15.jpg;12
.\pic\444\16.jpg;12
.\pic\444\17.jpg;12
.\pic\444\18.jpg;12
.\pic\444\19.jpg;12
.\pic\444\2.jpg;12
.\pic\444\20.jpg;12
.\pic\444\21.jpg;12
.\pic\444\22.jpg;12
.\pic\444\23.jpg;12
.\pic\444\24.jpg;12
.\pic\444\25.jpg;12
.\pic\444\26.jpg;12
.\pic\444\27.jpg;12
.\pic\444\28.jpg;12
.\pic\444\29.jpg;12
.\pic\444\3.jpg;12
.\pic\444\30.jpg;12
.\pic\444\4.jpg;12
.\pic\444\5.jpg;12
.\pic\444\6.jpg;12
.\pic\444\7.jpg;12
.\pic\444\8.jpg;12
.\pic\444\9.jpg;12
.\pic\4589\1.jpg;13
.\pic\4589\10.jpg;13
.\pic\4589\11.jpg;13
.\pic\4589\12.jpg;13
.\pic\4589\13.jpg;13
.\pic\4589\14.jpg;13
.\pic\4589\15.jpg;13
.\pic\4589\16.jpg;13
.\pic\4589\17.jpg;13
.\pic\4589\18.jpg;13
.\pic\4589\19.jpg;13
.\pic\4589\2.jpg;13
.\pic\4589\20.jpg;13
.\pic\4589\21.jpg;13
.\pic\4589\22.jpg;13
.\pic\4589\23.jpg;13
.\pic\4589\24.jpg;13
.\pic\4589\25.jpg;13
.\pic\4589\26.jpg;13
.\pic\4589\27.jpg;13
.\pic\4589\28.jpg;13
.\pic\4589\29.jpg;13
.\pic\4589\3.jpg;13
.\pic\4589\30.jpg;13
.\pic\4589\4.jpg;13
.\pic\4589\5.jpg;13
.\pic\4589\6.jpg;13
.\pic\4589\7.jpg;13
.\pic\4589\8.jpg;13
.\pic\4589\9.jpg;13
.\pic\555\1.jpg;14
.\pic\555\10.jpg;14
.\pic\555\11.jpg;14
.\pic\555\12.jpg;14
.\pic\555\13.jpg;14
.\pic\555\14.jpg;14
.\pic\555\15.jpg;14
.\pic\555\16.jpg;14
.\pic\555\17.jpg;14
.\pic\555\18.jpg;14
.\pic\555\19.jpg;14
.\pic\555\2.jpg;14
.\pic\555\20.jpg;14
.\pic\555\21.jpg;14
.\pic\555\22.jpg;14
.\pic\555\23.jpg;14
.\pic\555\24.jpg;14
.\pic\555\25.jpg;14
.\pic\555\26.jpg;14
.\pic\555\27.jpg;14
.\pic\555\28.jpg;14
.\pic\555\29.jpg;14
.\pic\555\3.jpg;14
.\pic\555\30.jpg;14
.\pic\555\4.jpg;14
.\pic\555\5.jpg;14
.\pic\555\6.jpg;14
.\pic\555\7.jpg;14
.\pic\555\8.jpg;14
.\pic\555\9.jpg;14
.\pic\55656\1.jpg;15
.\pic\55656\10.jpg;15
.\pic\55656\11.jpg;15
.\pic\55656\12.jpg;15
.\pic\55656\13.jpg;15
.\pic\55656\14.jpg;15
.\pic\55656\15.jpg;15
.\pic\55656\16.jpg;15
.\pic\55656\17.jpg;15
.\pic\55656\18.jpg;15
.\pic\55656\19.jpg;15
.\pic\55656\2.jpg;15
.\pic\55656\20.jpg;15
.\pic\55656\21.jpg;15
.\pic\55656\22.jpg;15
.\pic\55656\23.jpg;15
.\pic\55656\24.jpg;15
.\pic\55656\25.jpg;15
.\pic\55656\26.jpg;15
.\pic\55656\27.jpg;15
.\pic\55656\28.jpg;15
.\pic\55656\29.jpg;15
.\pic\55656\3.jpg;15
.\pic\55656\30.jpg;15
.\pic\55656\4.jpg;15
.\pic\55656\5.jpg;15
.\pic\55656\6.jpg;15
.\pic\55656\7.jpg;15
.\pic\55656\8.jpg;15
.\pic\55656\9.jpg;15
.\pic\666\1.jpg;16
.\pic\666\10.jpg;16
.\pic\666\11.jpg;16
.\pic\666\12.jpg;16
.\pic\666\13.jpg;16
.\pic\666\14.jpg;16
.\pic\666\15.jpg;16
.\pic\666\16.jpg;16
.\pic\666\17.jpg;16
.\pic\666\18.jpg;16
.\pic\666\19.jpg;16
.\pic\666\2.jpg;16
.\pic\666\20.jpg;16
.\pic\666\21.jpg;16
.\pic\666\22.jpg;16
.\pic\666\23.jpg;16
.\pic\666\24.jpg;16
.\pic\666\25.jpg;16
.\pic\666\26.jpg;16
.\pic\666\27.jpg;16
.\pic\666\28.jpg;16
.\pic\666\29.jpg;16
.\pic\666\3.jpg;16
.\pic\666\30.jpg;16
.\pic\666\4.jpg;16
.\pic\666\5.jpg;16
.\pic\666\6.jpg;16
.\pic\666\7.jpg;16
.\pic\666\8.jpg;16
.\pic\666\9.jpg;16
.\pic\777\1.jpg;17
.\pic\777\10.jpg;17
.\pic\777\11.jpg;17
.\pic\777\12.jpg;17
.\pic\777\13.jpg;17
.\pic\777\14.jpg;17
.\pic\777\15.jpg;17
.\pic\777\16.jpg;17
.\pic\777\17.jpg;17
.\pic\777\18.jpg;17
.\pic\777\19.jpg;17
.\pic\777\2.jpg;17
.\pic\777\20.jpg;17
.\pic\777\21.jpg;17
.\pic\777\22.jpg;17
.\pic\777\23.jpg;17
.\pic\777\24.jpg;17
.\pic\777\25.jpg;17
.\pic\777\26.jpg;17
.\pic\777\27.jpg;17
.\pic\777\28.jpg;17
.\pic\777\29.jpg;17
.\pic\777\3.jpg;17
.\pic\777\30.jpg;17
.\pic\777\4.jpg;17
.\pic\777\5.jpg;17
.\pic\777\6.jpg;17
.\pic\777\7.jpg;17
.\pic\777\8.jpg;17
.\pic\777\9.jpg;17
.\pic\888\1.jpg;18
.\pic\888\10.jpg;18
.\pic\888\11.jpg;18
.\pic\888\12.jpg;18
.\pic\888\13.jpg;18
.\pic\888\14.jpg;18
.\pic\888\15.jpg;18
.\pic\888\16.jpg;18
.\pic\888\17.jpg;18
.\pic\888\18.jpg;18
.\pic\888\19.jpg;18
.\pic\888\2.jpg;18
.\pic\888\20.jpg;18
.\pic\888\21.jpg;18
.\pic\888\22.jpg;18
.\pic\888\23.jpg;18
.\pic\888\24.jpg;18
.\pic\888\25.jpg;18
.\pic\888\26.jpg;18
.\pic\888\27.jpg;18
.\pic\888\28.jpg;18
.\pic\888\29.jpg;18
.\pic\888\3.jpg;18
.\pic\888\30.jpg;18
.\pic\888\4.jpg;18
.\pic\888\5.jpg;18
.\pic\888\6.jpg;18
.\pic\888\7.jpg;18
.\pic\888\8.jpg;18
.\pic\888\9.jpg;18
.\pic\8899\1.jpg;19
.\pic\8899\10.jpg;19
.\pic\8899\11.jpg;19
.\pic\8899\12.jpg;19
.\pic\8899\13.jpg;19
.\pic\8899\14.jpg;19
.\pic\8899\15.jpg;19
.\pic\8899\16.jpg;19
.\pic\8899\17.jpg;19
.\pic\8899\18.jpg;19
.\pic\8899\19.jpg;19
.\pic\8899\2.jpg;19
.\pic\8899\20.jpg;19
.\pic\8899\21.jpg;19
.\pic\8899\22.jpg;19
.\pic\8899\23.jpg;19
.\pic\8899\24.jpg;19
.\pic\8899\25.jpg;19
.\pic\8899\26.jpg;19
.\pic\8899\27.jpg;19
.\pic\8899\28.jpg;19
.\pic\8899\29.jpg;19
.\pic\8899\3.jpg;19
.\pic\8899\30.jpg;19
.\pic\8899\4.jpg;19
.\pic\8899\5.jpg;19
.\pic\8899\6.jpg;19
.\pic\8899\7.jpg;19
.\pic\8899\8.jpg;19
.\pic\8899\9.jpg;19
.\pic\999\1.jpg;20
.\pic\999\10.jpg;20
.\pic\999\11.jpg;20
.\pic\999\12.jpg;20
.\pic\999\13.jpg;20
.\pic\999\14.jpg;20
.\pic\999\15.jpg;20
.\pic\999\16.jpg;20
.\pic\999\17.jpg;20
.\pic\999\18.jpg;20
.\pic\999\19.jpg;20
.\pic\999\2.jpg;20
.\pic\999\20.jpg;20
.\pic\999\21.jpg;20
.\pic\999\22.jpg;20
.\pic\999\23.jpg;20
.\pic\999\24.jpg;20
.\pic\999\25.jpg;20
.\pic\999\26.jpg;20
.\pic\999\27.jpg;20
.\pic\999\28.jpg;20
.\pic\999\29.jpg;20
.\pic\999\3.jpg;20
.\pic\999\30.jpg;20
.\pic\999\4.jpg;20
.\pic\999\5.jpg;20
.\pic\999\6.jpg;20
.\pic\999\7.jpg;20
.\pic\999\8.jpg;20
.\pic\999\9.jpg;20
.\pic\s1\1.pgm;21
.\pic\s1\10.pgm;21
.\pic\s1\2.pgm;21
.\pic\s1\3.pgm;21
.\pic\s1\4.pgm;21
.\pic\s1\5.pgm;21
.\pic\s1\6.pgm;21
.\pic\s1\7.pgm;21
.\pic\s1\8.pgm;21
.\pic\s1\9.pgm;21
.\pic\s10\1.pgm;22
.\pic\s10\10.pgm;22
.\pic\s10\2.pgm;22
.\pic\s10\3.pgm;22
.\pic\s10\4.pgm;22
.\pic\s10\5.pgm;22
.\pic\s10\6.pgm;22
.\pic\s10\7.pgm;22
.\pic\s10\8.pgm;22
.\pic\s10\9.pgm;22
.\pic\s11\1.pgm;23
.\pic\s11\10.pgm;23
.\pic\s11\2.pgm;23
.\pic\s11\3.pgm;23
.\pic\s11\4.pgm;23
.\pic\s11\5.pgm;23
.\pic\s11\6.pgm;23
.\pic\s11\7.pgm;23
.\pic\s11\8.pgm;23
.\pic\s11\9.pgm;23
.\pic\s12\1.pgm;24
.\pic\s12\10.pgm;24
.\pic\s12\2.pgm;24
.\pic\s12\3.pgm;24
.\pic\s12\4.pgm;24
.\pic\s12\5.pgm;24
.\pic\s12\6.pgm;24
.\pic\s12\7.pgm;24
.\pic\s12\8.pgm;24
.\pic\s12\9.pgm;24
.\pic\s13\1.pgm;25
.\pic\s13\10.pgm;25
.\pic\s13\2.pgm;25
.\pic\s13\3.pgm;25
.\pic\s13\4.pgm;25
.\pic\s13\5.pgm;25
.\pic\s13\6.pgm;25
.\pic\s13\7.pgm;25
.\pic\s13\8.pgm;25
.\pic\s13\9.pgm;25
.\pic\s14\1.pgm;26
.\pic\s14\10.pgm;26
.\pic\s14\2.pgm;26
.\pic\s14\3.pgm;26
.\pic\s14\4.pgm;26
.\pic\s14\5.pgm;26
.\pic\s14\6.pgm;26
.\pic\s14\7.pgm;26
.\pic\s14\8.pgm;26
.\pic\s14\9.pgm;26
.\pic\s15\1.pgm;27
.\pic\s15\10.pgm;27
.\pic\s15\2.pgm;27
.\pic\s15\3.pgm;27
.\pic\s15\4.pgm;27
.\pic\s15\5.pgm;27
.\pic\s15\6.pgm;27
.\pic\s15\7.pgm;27
.\pic\s15\8.pgm;27
.\pic\s15\9.pgm;27
.\pic\s16\1.pgm;28
.\pic\s16\10.pgm;28
.\pic\s16\2.pgm;28
.\pic\s16\3.pgm;28
.\pic\s16\4.pgm;28
.\pic\s16\5.pgm;28
.\pic\s16\6.pgm;28
.\pic\s16\7.pgm;28
.\pic\s16\8.pgm;28
.\pic\s16\9.pgm;28
.\pic\s17\1.pgm;29
.\pic\s17\10.pgm;29
.\pic\s17\2.pgm;29
.\pic\s17\3.pgm;29
.\pic\s17\4.pgm;29
.\pic\s17\5.pgm;29
.\pic\s17\6.pgm;29
.\pic\s17\7.pgm;29
.\pic\s17\8.pgm;29
.\pic\s17\9.pgm;29
.\pic\s18\1.pgm;30
.\pic\s18\10.pgm;30
.\pic\s18\2.pgm;30
.\pic\s18\3.pgm;30
.\pic\s18\4.pgm;30
.\pic\s18\5.pgm;30
.\pic\s18\6.pgm;30
.\pic\s18\7.pgm;30
.\pic\s18\8.pgm;30
.\pic\s18\9.pgm;30
.\pic\s19\1.pgm;31
.\pic\s19\10.pgm;31
.\pic\s19\2.pgm;31
.\pic\s19\3.pgm;31
.\pic\s19\4.pgm;31
.\pic\s19\5.pgm;31
.\pic\s19\6.pgm;31
.\pic\s19\7.pgm;31
.\pic\s19\8.pgm;31
.\pic\s19\9.pgm;31
.\pic\s2\1.pgm;32
.\pic\s2\10.pgm;32
.\pic\s2\2.pgm;32
.\pic\s2\3.pgm;32
.\pic\s2\4.pgm;32
.\pic\s2\5.pgm;32
.\pic\s2\6.pgm;32
.\pic\s2\7.pgm;32
.\pic\s2\8.pgm;32
.\pic\s2\9.pgm;32
.\pic\s20\1.pgm;33
.\pic\s20\10.pgm;33
.\pic\s20\2.pgm;33
.\pic\s20\3.pgm;33
.\pic\s20\4.pgm;33
.\pic\s20\5.pgm;33
.\pic\s20\6.pgm;33
.\pic\s20\7.pgm;33
.\pic\s20\8.pgm;33
.\pic\s20\9.pgm;33
.\pic\s21\1.pgm;34
.\pic\s21\10.pgm;34
.\pic\s21\2.pgm;34
.\pic\s21\3.pgm;34
.\pic\s21\4.pgm;34
.\pic\s21\5.pgm;34
.\pic\s21\6.pgm;34
.\pic\s21\7.pgm;34
.\pic\s21\8.pgm;34
.\pic\s21\9.pgm;34
.\pic\s22\1.pgm;35
.\pic\s22\10.pgm;35
.\pic\s22\2.pgm;35
.\pic\s22\3.pgm;35
.\pic\s22\4.pgm;35
.\pic\s22\5.pgm;35
.\pic\s22\6.pgm;35
.\pic\s22\7.pgm;35
.\pic\s22\8.pgm;35
.\pic\s22\9.pgm;35
.\pic\s23\1.pgm;36
.\pic\s23\10.pgm;36
.\pic\s23\2.pgm;36
.\pic\s23\3.pgm;36
.\pic\s23\4.pgm;36
.\pic\s23\5.pgm;36
.\pic\s23\6.pgm;36
.\pic\s23\7.pgm;36
.\pic\s23\8.pgm;36
.\pic\s23\9.pgm;36
.\pic\s24\1.pgm;37
.\pic\s24\10.pgm;37
.\pic\s24\2.pgm;37
.\pic\s24\3.pgm;37
.\pic\s24\4.pgm;37
.\pic\s24\5.pgm;37
.\pic\s24\6.pgm;37
.\pic\s24\7.pgm;37
.\pic\s24\8.pgm;37
.\pic\s24\9.pgm;37
.\pic\s25\1.pgm;38
.\pic\s25\10.pgm;38
.\pic\s25\2.pgm;38
.\pic\s25\3.pgm;38
.\pic\s25\4.pgm;38
.\pic\s25\5.pgm;38
.\pic\s25\6.pgm;38
.\pic\s25\7.pgm;38
.\pic\s25\8.pgm;38
.\pic\s25\9.pgm;38
.\pic\s26\1.pgm;39
.\pic\s26\10.pgm;39
.\pic\s26\2.pgm;39
.\pic\s26\3.pgm;39
.\pic\s26\4.pgm;39
.\pic\s26\5.pgm;39
.\pic\s26\6.pgm;39
.\pic\s26\7.pgm;39
.\pic\s26\8.pgm;39
.\pic\s26\9.pgm;39
.\pic\s27\1.pgm;40
.\pic\s27\10.pgm;40
.\pic\s27\2.pgm;40
.\pic\s27\3.pgm;40
.\pic\s27\4.pgm;40
.\pic\s27\5.pgm;40
.\pic\s27\6.pgm;40
.\pic\s27\7.pgm;40
.\pic\s27\8.pgm;40
.\pic\s27\9.pgm;40
.\pic\s28\1.pgm;41
.\pic\s28\10.pgm;41
.\pic\s28\2.pgm;41
.\pic\s28\3.pgm;41
.\pic\s28\4.pgm;41
.\pic\s28\5.pgm;41
.\pic\s28\6.pgm;41
.\pic\s28\7.pgm;41
.\pic\s28\8.pgm;41
.\pic\s28\9.pgm;41
.\pic\s29\1.pgm;42
.\pic\s29\10.pgm;42
.\pic\s29\2.pgm;42
.\pic\s29\3.pgm;42
.\pic\s29\4.pgm;42
.\pic\s29\5.pgm;42
.\pic\s29\6.pgm;42
.\pic\s29\7.pgm;42
.\pic\s29\8.pgm;42
.\pic\s29\9.pgm;42
.\pic\s3\1.pgm;43
.\pic\s3\10.pgm;43
.\pic\s3\2.pgm;43
.\pic\s3\3.pgm;43
.\pic\s3\4.pgm;43
.\pic\s3\5.pgm;43
.\pic\s3\6.pgm;43
.\pic\s3\7.pgm;43
.\pic\s3\8.pgm;43
.\pic\s3\9.pgm;43
.\pic\s30\1.pgm;44
.\pic\s30\10.pgm;44
.\pic\s30\2.pgm;44
.\pic\s30\3.pgm;44
.\pic\s30\4.pgm;44
.\pic\s30\5.pgm;44
.\pic\s30\6.pgm;44
.\pic\s30\7.pgm;44
.\pic\s30\8.pgm;44
.\pic\s30\9.pgm;44
.\pic\s31\1.pgm;45
.\pic\s31\10.pgm;45
.\pic\s31\2.pgm;45
.\pic\s31\3.pgm;45
.\pic\s31\4.pgm;45
.\pic\s31\5.pgm;45
.\pic\s31\6.pgm;45
.\pic\s31\7.pgm;45
.\pic\s31\8.pgm;45
.\pic\s31\9.pgm;45
.\pic\s32\1.pgm;46
.\pic\s32\10.pgm;46
.\pic\s32\2.pgm;46
.\pic\s32\3.pgm;46
.\pic\s32\4.pgm;46
.\pic\s32\5.pgm;46
.\pic\s32\6.pgm;46
.\pic\s32\7.pgm;46
.\pic\s32\8.pgm;46
.\pic\s32\9.pgm;46
.\pic\s33\1.pgm;47
.\pic\s33\10.pgm;47
.\pic\s33\2.pgm;47
.\pic\s33\3.pgm;47
.\pic\s33\4.pgm;47
.\pic\s33\5.pgm;47
.\pic\s33\6.pgm;47
.\pic\s33\7.pgm;47
.\pic\s33\8.pgm;47
.\pic\s33\9.pgm;47
.\pic\s34\1.pgm;48
.\pic\s34\10.pgm;48
.\pic\s34\2.pgm;48
.\pic\s34\3.pgm;48
.\pic\s34\4.pgm;48
.\pic\s34\5.pgm;48
.\pic\s34\6.pgm;48
.\pic\s34\7.pgm;48
.\pic\s34\8.pgm;48
.\pic\s34\9.pgm;48
.\pic\s35\1.pgm;49
.\pic\s35\10.pgm;49
.\pic\s35\2.pgm;49
.\pic\s35\3.pgm;49
.\pic\s35\4.pgm;49
.\pic\s35\5.pgm;49
.\pic\s35\6.pgm;49
.\pic\s35\7.pgm;49
.\pic\s35\8.pgm;49
.\pic\s35\9.pgm;49
.\pic\s36\1.pgm;50
.\pic\s36\10.pgm;50
.\pic\s36\2.pgm;50
.\pic\s36\3.pgm;50
.\pic\s36\4.pgm;50
.\pic\s36\5.pgm;50
.\pic\s36\6.pgm;50
.\pic\s36\7.pgm;50
.\pic\s36\8.pgm;50
.\pic\s36\9.pgm;50
.\pic\s37\1.pgm;51
.\pic\s37\10.pgm;51
.\pic\s37\2.pgm;51
.\pic\s37\3.pgm;51
.\pic\s37\4.pgm;51
.\pic\s37\5.pgm;51
.\pic\s37\6.pgm;51
.\pic\s37\7.pgm;51
.\pic\s37\8.pgm;51
.\pic\s37\9.pgm;51
.\pic\s38\1.pgm;52
.\pic\s38\10.pgm;52
.\pic\s38\2.pgm;52
.\pic\s38\3.pgm;52
.\pic\s38\4.pgm;52
.\pic\s38\5.pgm;52
.\pic\s38\6.pgm;52
.\pic\s38\7.pgm;52
.\pic\s38\8.pgm;52
.\pic\s38\9.pgm;52
.\pic\s39\1.pgm;53
.\pic\s39\10.pgm;53
.\pic\s39\2.pgm;53
.\pic\s39\3.pgm;53
.\pic\s39\4.pgm;53
.\pic\s39\5.pgm;53
.\pic\s39\6.pgm;53
.\pic\s39\7.pgm;53
.\pic\s39\8.pgm;53
.\pic\s39\9.pgm;53
.\pic\s4\1.pgm;54
.\pic\s4\10.pgm;54
.\pic\s4\2.pgm;54
.\pic\s4\3.pgm;54
.\pic\s4\4.pgm;54
.\pic\s4\5.pgm;54
.\pic\s4\6.pgm;54
.\pic\s4\7.pgm;54
.\pic\s4\8.pgm;54
.\pic\s4\9.pgm;54
.\pic\s40\1.pgm;55
.\pic\s40\10.pgm;55
.\pic\s40\2.pgm;55
.\pic\s40\3.pgm;55
.\pic\s40\4.pgm;55
.\pic\s40\5.pgm;55
.\pic\s40\6.pgm;55
.\pic\s40\7.pgm;55
.\pic\s40\8.pgm;55
.\pic\s40\9.pgm;55
.\pic\s5\1.pgm;56
.\pic\s5\10.pgm;56
.\pic\s5\2.pgm;56
.\pic\s5\3.pgm;56
.\pic\s5\4.pgm;56
.\pic\s5\5.pgm;56
.\pic\s5\6.pgm;56
.\pic\s5\7.pgm;56
.\pic\s5\8.pgm;56
.\pic\s5\9.pgm;56
.\pic\s6\1.pgm;57
.\pic\s6\10.pgm;57
.\pic\s6\2.pgm;57
.\pic\s6\3.pgm;57
.\pic\s6\4.pgm;57
.\pic\s6\5.pgm;57
.\pic\s6\6.pgm;57
.\pic\s6\7.pgm;57
.\pic\s6\8.pgm;57
.\pic\s6\9.pgm;57
.\pic\s7\1.pgm;58
.\pic\s7\10.pgm;58
.\pic\s7\2.pgm;58
.\pic\s7\3.pgm;58
.\pic\s7\4.pgm;58
.\pic\s7\5.pgm;58
.\pic\s7\6.pgm;58
.\pic\s7\7.pgm;58
.\pic\s7\8.pgm;58
.\pic\s7\9.pgm;58
.\pic\s8\1.pgm;59
.\pic\s8\10.pgm;59
.\pic\s8\2.pgm;59
.\pic\s8\3.pgm;59
.\pic\s8\4.pgm;59
.\pic\s8\5.pgm;59
.\pic\s8\6.pgm;59
.\pic\s8\7.pgm;59
.\pic\s8\8.pgm;59
.\pic\s8\9.pgm;59
.\pic\s9\1.pgm;60
.\pic\s9\10.pgm;60
.\pic\s9\2.pgm;60
.\pic\s9\3.pgm;60
.\pic\s9\4.pgm;60
.\pic\s9\5.pgm;60
.\pic\s9\6.pgm;60
.\pic\s9\7.pgm;60
.\pic\s9\8.pgm;60
.\pic\s9\9.pgm;60
